--
-- PostgreSQL database dump
--

-- Dumped from database version 16.4 (Postgres.app)
-- Dumped by pg_dump version 16.4 (Postgres.app)

SET statement_timeout = 0;
SET lock_timeout = 0;
SET idle_in_transaction_session_timeout = 0;
SET client_encoding = 'UTF8';
SET standard_conforming_strings = on;
SELECT pg_catalog.set_config('search_path', '', false);
SET check_function_bodies = false;
SET xmloption = content;
SET client_min_messages = warning;
SET row_security = off;

--
-- Name: public; Type: SCHEMA; Schema: -; Owner: exam_user
--

-- *not* creating schema, since initdb creates it


ALTER SCHEMA public OWNER TO exam_user;

SET default_tablespace = '';

SET default_table_access_method = heap;

--
-- Name: auth_group; Type: TABLE; Schema: public; Owner: exam_user
--

CREATE TABLE public.auth_group (
    id integer NOT NULL,
    name character varying(150) NOT NULL
);


ALTER TABLE public.auth_group OWNER TO exam_user;

--
-- Name: auth_group_id_seq; Type: SEQUENCE; Schema: public; Owner: exam_user
--

ALTER TABLE public.auth_group ALTER COLUMN id ADD GENERATED BY DEFAULT AS IDENTITY (
    SEQUENCE NAME public.auth_group_id_seq
    START WITH 1
    INCREMENT BY 1
    NO MINVALUE
    NO MAXVALUE
    CACHE 1
);


--
-- Name: auth_group_permissions; Type: TABLE; Schema: public; Owner: exam_user
--

CREATE TABLE public.auth_group_permissions (
    id bigint NOT NULL,
    group_id integer NOT NULL,
    permission_id integer NOT NULL
);


ALTER TABLE public.auth_group_permissions OWNER TO exam_user;

--
-- Name: auth_group_permissions_id_seq; Type: SEQUENCE; Schema: public; Owner: exam_user
--

ALTER TABLE public.auth_group_permissions ALTER COLUMN id ADD GENERATED BY DEFAULT AS IDENTITY (
    SEQUENCE NAME public.auth_group_permissions_id_seq
    START WITH 1
    INCREMENT BY 1
    NO MINVALUE
    NO MAXVALUE
    CACHE 1
);


--
-- Name: auth_permission; Type: TABLE; Schema: public; Owner: exam_user
--

CREATE TABLE public.auth_permission (
    id integer NOT NULL,
    name character varying(255) NOT NULL,
    content_type_id integer NOT NULL,
    codename character varying(100) NOT NULL
);


ALTER TABLE public.auth_permission OWNER TO exam_user;

--
-- Name: auth_permission_id_seq; Type: SEQUENCE; Schema: public; Owner: exam_user
--

ALTER TABLE public.auth_permission ALTER COLUMN id ADD GENERATED BY DEFAULT AS IDENTITY (
    SEQUENCE NAME public.auth_permission_id_seq
    START WITH 1
    INCREMENT BY 1
    NO MINVALUE
    NO MAXVALUE
    CACHE 1
);


--
-- Name: authtoken_token; Type: TABLE; Schema: public; Owner: exam_user
--

CREATE TABLE public.authtoken_token (
    key character varying(40) NOT NULL,
    created timestamp with time zone NOT NULL,
    user_id bigint NOT NULL
);


ALTER TABLE public.authtoken_token OWNER TO exam_user;

--
-- Name: django_admin_log; Type: TABLE; Schema: public; Owner: exam_user
--

CREATE TABLE public.django_admin_log (
    id integer NOT NULL,
    action_time timestamp with time zone NOT NULL,
    object_id text,
    object_repr character varying(200) NOT NULL,
    action_flag smallint NOT NULL,
    change_message text NOT NULL,
    content_type_id integer,
    user_id bigint NOT NULL,
    CONSTRAINT django_admin_log_action_flag_check CHECK ((action_flag >= 0))
);


ALTER TABLE public.django_admin_log OWNER TO exam_user;

--
-- Name: django_admin_log_id_seq; Type: SEQUENCE; Schema: public; Owner: exam_user
--

ALTER TABLE public.django_admin_log ALTER COLUMN id ADD GENERATED BY DEFAULT AS IDENTITY (
    SEQUENCE NAME public.django_admin_log_id_seq
    START WITH 1
    INCREMENT BY 1
    NO MINVALUE
    NO MAXVALUE
    CACHE 1
);


--
-- Name: django_content_type; Type: TABLE; Schema: public; Owner: exam_user
--

CREATE TABLE public.django_content_type (
    id integer NOT NULL,
    app_label character varying(100) NOT NULL,
    model character varying(100) NOT NULL
);


ALTER TABLE public.django_content_type OWNER TO exam_user;

--
-- Name: django_content_type_id_seq; Type: SEQUENCE; Schema: public; Owner: exam_user
--

ALTER TABLE public.django_content_type ALTER COLUMN id ADD GENERATED BY DEFAULT AS IDENTITY (
    SEQUENCE NAME public.django_content_type_id_seq
    START WITH 1
    INCREMENT BY 1
    NO MINVALUE
    NO MAXVALUE
    CACHE 1
);


--
-- Name: django_migrations; Type: TABLE; Schema: public; Owner: exam_user
--

CREATE TABLE public.django_migrations (
    id bigint NOT NULL,
    app character varying(255) NOT NULL,
    name character varying(255) NOT NULL,
    applied timestamp with time zone NOT NULL
);


ALTER TABLE public.django_migrations OWNER TO exam_user;

--
-- Name: django_migrations_id_seq; Type: SEQUENCE; Schema: public; Owner: exam_user
--

ALTER TABLE public.django_migrations ALTER COLUMN id ADD GENERATED BY DEFAULT AS IDENTITY (
    SEQUENCE NAME public.django_migrations_id_seq
    START WITH 1
    INCREMENT BY 1
    NO MINVALUE
    NO MAXVALUE
    CACHE 1
);


--
-- Name: django_session; Type: TABLE; Schema: public; Owner: exam_user
--

CREATE TABLE public.django_session (
    session_key character varying(40) NOT NULL,
    session_data text NOT NULL,
    expire_date timestamp with time zone NOT NULL
);


ALTER TABLE public.django_session OWNER TO exam_user;

--
-- Name: exam_answersheet; Type: TABLE; Schema: public; Owner: exam_user
--

CREATE TABLE public.exam_answersheet (
    id bigint NOT NULL,
    submitted_at timestamp with time zone NOT NULL,
    question_paper_id bigint NOT NULL,
    user_id bigint NOT NULL,
    is_correct boolean NOT NULL,
    question_id bigint NOT NULL,
    selected_choice_id bigint NOT NULL
);


ALTER TABLE public.exam_answersheet OWNER TO exam_user;

--
-- Name: exam_answersheet_id_seq; Type: SEQUENCE; Schema: public; Owner: exam_user
--

ALTER TABLE public.exam_answersheet ALTER COLUMN id ADD GENERATED BY DEFAULT AS IDENTITY (
    SEQUENCE NAME public.exam_answersheet_id_seq
    START WITH 1
    INCREMENT BY 1
    NO MINVALUE
    NO MAXVALUE
    CACHE 1
);


--
-- Name: exam_choice; Type: TABLE; Schema: public; Owner: exam_user
--

CREATE TABLE public.exam_choice (
    id bigint NOT NULL,
    choice_text character varying(255) NOT NULL,
    is_correct boolean NOT NULL,
    question_id bigint NOT NULL
);


ALTER TABLE public.exam_choice OWNER TO exam_user;

--
-- Name: exam_choice_id_seq; Type: SEQUENCE; Schema: public; Owner: exam_user
--

ALTER TABLE public.exam_choice ALTER COLUMN id ADD GENERATED BY DEFAULT AS IDENTITY (
    SEQUENCE NAME public.exam_choice_id_seq
    START WITH 1
    INCREMENT BY 1
    NO MINVALUE
    NO MAXVALUE
    CACHE 1
);


--
-- Name: exam_question; Type: TABLE; Schema: public; Owner: exam_user
--

CREATE TABLE public.exam_question (
    id bigint NOT NULL,
    question_text text NOT NULL,
    question_type character varying(20) NOT NULL,
    category character varying(50) NOT NULL,
    difficulty_level character varying(20) NOT NULL,
    image character varying(100),
    video character varying(100),
    audio character varying(100),
    created_by_id bigint
);


ALTER TABLE public.exam_question OWNER TO exam_user;

--
-- Name: exam_question_id_seq; Type: SEQUENCE; Schema: public; Owner: exam_user
--

ALTER TABLE public.exam_question ALTER COLUMN id ADD GENERATED BY DEFAULT AS IDENTITY (
    SEQUENCE NAME public.exam_question_id_seq
    START WITH 1
    INCREMENT BY 1
    NO MINVALUE
    NO MAXVALUE
    CACHE 1
);


--
-- Name: exam_questionpaper; Type: TABLE; Schema: public; Owner: exam_user
--

CREATE TABLE public.exam_questionpaper (
    id bigint NOT NULL,
    title character varying(255) NOT NULL,
    description text NOT NULL,
    created_by_id bigint
);


ALTER TABLE public.exam_questionpaper OWNER TO exam_user;

--
-- Name: exam_questionpaper_id_seq; Type: SEQUENCE; Schema: public; Owner: exam_user
--

ALTER TABLE public.exam_questionpaper ALTER COLUMN id ADD GENERATED BY DEFAULT AS IDENTITY (
    SEQUENCE NAME public.exam_questionpaper_id_seq
    START WITH 1
    INCREMENT BY 1
    NO MINVALUE
    NO MAXVALUE
    CACHE 1
);


--
-- Name: exam_questionpaper_questions; Type: TABLE; Schema: public; Owner: exam_user
--

CREATE TABLE public.exam_questionpaper_questions (
    id bigint NOT NULL,
    questionpaper_id bigint NOT NULL,
    question_id bigint NOT NULL
);


ALTER TABLE public.exam_questionpaper_questions OWNER TO exam_user;

--
-- Name: exam_questionpaper_questions_id_seq; Type: SEQUENCE; Schema: public; Owner: exam_user
--

ALTER TABLE public.exam_questionpaper_questions ALTER COLUMN id ADD GENERATED BY DEFAULT AS IDENTITY (
    SEQUENCE NAME public.exam_questionpaper_questions_id_seq
    START WITH 1
    INCREMENT BY 1
    NO MINVALUE
    NO MAXVALUE
    CACHE 1
);


--
-- Name: exam_user; Type: TABLE; Schema: public; Owner: exam_user
--

CREATE TABLE public.exam_user (
    id bigint NOT NULL,
    password character varying(128) NOT NULL,
    last_login timestamp with time zone,
    is_superuser boolean NOT NULL,
    username character varying(150) NOT NULL,
    first_name character varying(150) NOT NULL,
    last_name character varying(150) NOT NULL,
    email character varying(254) NOT NULL,
    is_staff boolean NOT NULL,
    is_active boolean NOT NULL,
    date_joined timestamp with time zone NOT NULL,
    role character varying(10) NOT NULL
);


ALTER TABLE public.exam_user OWNER TO exam_user;

--
-- Name: exam_user_groups; Type: TABLE; Schema: public; Owner: exam_user
--

CREATE TABLE public.exam_user_groups (
    id bigint NOT NULL,
    user_id bigint NOT NULL,
    group_id integer NOT NULL
);


ALTER TABLE public.exam_user_groups OWNER TO exam_user;

--
-- Name: exam_user_groups_id_seq; Type: SEQUENCE; Schema: public; Owner: exam_user
--

ALTER TABLE public.exam_user_groups ALTER COLUMN id ADD GENERATED BY DEFAULT AS IDENTITY (
    SEQUENCE NAME public.exam_user_groups_id_seq
    START WITH 1
    INCREMENT BY 1
    NO MINVALUE
    NO MAXVALUE
    CACHE 1
);


--
-- Name: exam_user_id_seq; Type: SEQUENCE; Schema: public; Owner: exam_user
--

ALTER TABLE public.exam_user ALTER COLUMN id ADD GENERATED BY DEFAULT AS IDENTITY (
    SEQUENCE NAME public.exam_user_id_seq
    START WITH 1
    INCREMENT BY 1
    NO MINVALUE
    NO MAXVALUE
    CACHE 1
);


--
-- Name: exam_user_user_permissions; Type: TABLE; Schema: public; Owner: exam_user
--

CREATE TABLE public.exam_user_user_permissions (
    id bigint NOT NULL,
    user_id bigint NOT NULL,
    permission_id integer NOT NULL
);


ALTER TABLE public.exam_user_user_permissions OWNER TO exam_user;

--
-- Name: exam_user_user_permissions_id_seq; Type: SEQUENCE; Schema: public; Owner: exam_user
--

ALTER TABLE public.exam_user_user_permissions ALTER COLUMN id ADD GENERATED BY DEFAULT AS IDENTITY (
    SEQUENCE NAME public.exam_user_user_permissions_id_seq
    START WITH 1
    INCREMENT BY 1
    NO MINVALUE
    NO MAXVALUE
    CACHE 1
);


--
-- Data for Name: auth_group; Type: TABLE DATA; Schema: public; Owner: exam_user
--

COPY public.auth_group (id, name) FROM stdin;
\.


--
-- Data for Name: auth_group_permissions; Type: TABLE DATA; Schema: public; Owner: exam_user
--

COPY public.auth_group_permissions (id, group_id, permission_id) FROM stdin;
\.


--
-- Data for Name: auth_permission; Type: TABLE DATA; Schema: public; Owner: exam_user
--

COPY public.auth_permission (id, name, content_type_id, codename) FROM stdin;
1	Can add log entry	1	add_logentry
2	Can change log entry	1	change_logentry
3	Can delete log entry	1	delete_logentry
4	Can view log entry	1	view_logentry
5	Can add permission	2	add_permission
6	Can change permission	2	change_permission
7	Can delete permission	2	delete_permission
8	Can view permission	2	view_permission
9	Can add group	3	add_group
10	Can change group	3	change_group
11	Can delete group	3	delete_group
12	Can view group	3	view_group
13	Can add content type	4	add_contenttype
14	Can change content type	4	change_contenttype
15	Can delete content type	4	delete_contenttype
16	Can view content type	4	view_contenttype
17	Can add session	5	add_session
18	Can change session	5	change_session
19	Can delete session	5	delete_session
20	Can view session	5	view_session
21	Can add Token	6	add_token
22	Can change Token	6	change_token
23	Can delete Token	6	delete_token
24	Can view Token	6	view_token
25	Can add Token	7	add_tokenproxy
26	Can change Token	7	change_tokenproxy
27	Can delete Token	7	delete_tokenproxy
28	Can view Token	7	view_tokenproxy
29	Can add user	8	add_user
30	Can change user	8	change_user
31	Can delete user	8	delete_user
32	Can view user	8	view_user
33	Can add question paper	9	add_questionpaper
34	Can change question paper	9	change_questionpaper
35	Can delete question paper	9	delete_questionpaper
36	Can view question paper	9	view_questionpaper
37	Can add choice	10	add_choice
38	Can change choice	10	change_choice
39	Can delete choice	10	delete_choice
40	Can view choice	10	view_choice
41	Can add question	11	add_question
42	Can change question	11	change_question
43	Can delete question	11	delete_question
44	Can view question	11	view_question
45	Can add answer sheet	12	add_answersheet
46	Can change answer sheet	12	change_answersheet
47	Can delete answer sheet	12	delete_answersheet
48	Can view answer sheet	12	view_answersheet
\.


--
-- Data for Name: authtoken_token; Type: TABLE DATA; Schema: public; Owner: exam_user
--

COPY public.authtoken_token (key, created, user_id) FROM stdin;
\.


--
-- Data for Name: django_admin_log; Type: TABLE DATA; Schema: public; Owner: exam_user
--

COPY public.django_admin_log (id, action_time, object_id, object_repr, action_flag, change_message, content_type_id, user_id) FROM stdin;
\.


--
-- Data for Name: django_content_type; Type: TABLE DATA; Schema: public; Owner: exam_user
--

COPY public.django_content_type (id, app_label, model) FROM stdin;
1	admin	logentry
2	auth	permission
3	auth	group
4	contenttypes	contenttype
5	sessions	session
6	authtoken	token
7	authtoken	tokenproxy
8	exam	user
9	exam	questionpaper
10	exam	choice
11	exam	question
12	exam	answersheet
\.


--
-- Data for Name: django_migrations; Type: TABLE DATA; Schema: public; Owner: exam_user
--

COPY public.django_migrations (id, app, name, applied) FROM stdin;
1	contenttypes	0001_initial	2024-10-04 15:35:59.221026+05:30
2	contenttypes	0002_remove_content_type_name	2024-10-04 15:35:59.230211+05:30
3	auth	0001_initial	2024-10-04 15:35:59.260266+05:30
4	auth	0002_alter_permission_name_max_length	2024-10-04 15:35:59.265651+05:30
5	auth	0003_alter_user_email_max_length	2024-10-04 15:35:59.271114+05:30
6	auth	0004_alter_user_username_opts	2024-10-04 15:35:59.277365+05:30
7	auth	0005_alter_user_last_login_null	2024-10-04 15:35:59.283364+05:30
8	auth	0006_require_contenttypes_0002	2024-10-04 15:35:59.285249+05:30
9	auth	0007_alter_validators_add_error_messages	2024-10-04 15:35:59.290886+05:30
10	auth	0008_alter_user_username_max_length	2024-10-04 15:35:59.29592+05:30
11	auth	0009_alter_user_last_name_max_length	2024-10-04 15:35:59.300768+05:30
12	auth	0010_alter_group_name_max_length	2024-10-04 15:35:59.306024+05:30
13	auth	0011_update_proxy_permissions	2024-10-04 15:35:59.311034+05:30
14	auth	0012_alter_user_first_name_max_length	2024-10-04 15:35:59.318872+05:30
15	exam	0001_initial	2024-10-04 15:35:59.345457+05:30
16	admin	0001_initial	2024-10-04 15:35:59.362635+05:30
17	admin	0002_logentry_remove_auto_add	2024-10-04 15:35:59.369914+05:30
18	admin	0003_logentry_add_action_flag_choices	2024-10-04 15:35:59.377511+05:30
19	authtoken	0001_initial	2024-10-04 15:35:59.3893+05:30
20	authtoken	0002_auto_20160226_1747	2024-10-04 15:35:59.415461+05:30
21	authtoken	0003_tokenproxy	2024-10-04 15:35:59.417948+05:30
22	authtoken	0004_alter_tokenproxy_options	2024-10-04 15:35:59.422503+05:30
23	sessions	0001_initial	2024-10-04 15:35:59.42906+05:30
24	exam	0002_question_questionpaper_choice_answersheet	2024-10-04 15:40:24.721751+05:30
25	exam	0003_remove_answersheet_answers_answersheet_is_correct_and_more	2024-10-05 11:50:00.726846+05:30
\.


--
-- Data for Name: django_session; Type: TABLE DATA; Schema: public; Owner: exam_user
--

COPY public.django_session (session_key, session_data, expire_date) FROM stdin;
hngqitqt3frd1ec4vo8fsg9ww6tof304	.eJxVjDsOwyAQBe9CHSE-i4GU6X0GBMsSnERYMnYV5e6xJRdJ-2bmvVmI21rD1mkJU2ZXptnld0sRn9QOkB-x3WeOc1uXKfFD4SftfJwzvW6n-3dQY697LSG5jIpQKe1hkMYjgIFC1issxQmyZG0m4YQsWknwEs2uO-GLHoxlny_S5jcp:1swg2k:W_E40d-iJT3N_H86211wwF7afWcGaRuJszu_YSxUcRA	2024-10-18 16:30:18.426175+05:30
sohznih17b1ts7znjnsu8u7xaqxhhzww	.eJxVjDsOwyAQBe9CHSE-i4GU6X0GBMsSnERYMnYV5e6xJRdJ-2bmvVmI21rD1mkJU2ZXptnld0sRn9QOkB-x3WeOc1uXKfFD4SftfJwzvW6n-3dQY697LSG5jIpQKe1hkMYjgIFC1issxQmyZG0m4YQsWknwEs2uO-GLHoxlny_S5jcp:1swg6S:FORdfV1GQDrL9wAfK4etfA1iQ857aYsELfnvURErVxQ	2024-10-18 16:34:08.845261+05:30
\.


--
-- Data for Name: exam_answersheet; Type: TABLE DATA; Schema: public; Owner: exam_user
--

COPY public.exam_answersheet (id, submitted_at, question_paper_id, user_id, is_correct, question_id, selected_choice_id) FROM stdin;
2	2024-10-05 12:22:21.171145+05:30	9	2	f	29	89
3	2024-10-05 12:22:21.178467+05:30	9	2	t	30	90
4	2024-10-05 12:22:21.180912+05:30	9	2	t	31	94
5	2024-10-05 12:22:21.183451+05:30	9	2	t	32	98
6	2024-10-07 12:51:50.4255+05:30	11	1	t	78	401
\.


--
-- Data for Name: exam_choice; Type: TABLE DATA; Schema: public; Owner: exam_user
--

COPY public.exam_choice (id, choice_text, is_correct, question_id) FROM stdin;
86	12	t	29
87	10	f	29
88	11	f	29
89	13	f	29
90	8	t	30
91	6	f	30
92	7	f	30
93	9	f	30
94	81	t	31
95	72	f	31
96	91	f	31
97	99	f	31
98	7	t	32
99	6	f	32
100	8	f	32
101	9	f	32
102	36	t	33
103	42	f	33
104	32	f	33
105	46	f	33
106	25	t	34
107	20	f	34
108	30	f	34
109	15	f	34
110	25	t	35
111	20	f	35
112	30	f	35
113	24	f	35
114	144	t	36
115	142	f	36
116	132	f	36
117	152	f	36
118	27	t	37
119	9	f	37
120	81	f	37
121	36	f	37
122	56	t	38
123	64	f	38
124	52	f	38
125	58	f	38
126	225	t	39
127	250	f	39
128	215	f	39
129	230	f	39
130	45	t	40
131	46	f	40
132	44	f	40
133	50	f	40
134	11	t	41
135	12	f	41
136	13	f	41
137	10	f	41
138	9	t	42
139	8	f	42
140	7	f	42
141	6	f	42
142	100	t	43
143	50	f	43
144	200	f	43
145	150	f	43
146	4	t	44
147	3	f	44
148	5	f	44
149	6	f	44
150	4	t	45
151	5	f	45
152	6	f	45
153	8	f	45
154	Paris	t	46
155	Berlin	f	46
156	Madrid	f	46
157	Rome	f	46
158	Isaac Newton	t	47
159	Albert Einstein	f	47
160	Galileo Galilei	f	47
161	Nicolaus Copernicus	f	47
162	Water	t	48
163	Hydrogen	f	48
164	Oxygen	f	48
165	Helium	f	48
166	George Washington	t	49
167	Abraham Lincoln	f	49
168	John Adams	f	49
169	Thomas Jefferson	f	49
170	Au	t	50
171	Ag	f	50
172	Fe	f	50
173	Pb	f	50
174	100	t	51
175	90	f	51
176	110	f	51
177	120	f	51
178	100	t	52
179	90	f	52
180	110	f	52
181	120	f	52
182	Tokyo	t	53
183	Beijing	f	53
184	Seoul	f	53
185	Bangkok	f	53
186	Mars	t	54
187	Venus	f	54
188	Earth	f	54
189	Jupiter	f	54
190	Leaves	t	55
191	Roots	f	55
192	Stem	f	55
193	Flower	f	55
194	206	t	56
195	205	f	56
196	210	f	56
197	208	f	56
198	Carbon Dioxide	t	57
199	Oxygen	f	57
200	Nitrogen	f	57
201	Hydrogen	f	57
202	Nucleus	t	58
203	Electron	f	58
204	Proton	f	58
205	Neutron	f	58
206	Heart	t	59
207	Lungs	f	59
208	Liver	f	59
209	Brain	f	59
210	Gravity	t	60
211	Magnetism	f	60
212	Inertia	f	60
213	Friction	f	60
214	Jupiter	t	61
215	Saturn	f	61
216	Earth	f	61
217	Mars	f	61
218	Pluto	f	61
219	Neptun	f	61
220	Testing without knowledge of the internal workings of the application	t	62
221	Testing with knowledge of the internal workings of the application	f	62
222	Testing performed by the developers	f	62
223	Unit testing	f	62
224	Basic functionality of a system	t	63
225	Performance under stress	f	63
226	End-to-end functionality	f	63
227	Detailed business logic	f	63
228	Ensure new changes do not break existing functionality	t	64
229	Identify new bugs	f	64
230	Test individual units of code	f	64
231	Test performance issues	f	64
232	(Value/Total) * 100	t	65
233	(Total/Value) * 100	f	65
234	(Value + Total) / 100	f	65
235	Value * Total	f	65
236	36 km/h	f	66
237	40 km/h	f	66
238	36 m/s	f	66
239	10 m/s	t	66
240	Rs. 600	t	67
241	Rs. 500	f	67
242	Rs. 660	f	67
243	Rs. 750	f	67
244	300 meters	t	68
245	400 meters	f	68
246	450 meters	f	68
247	350 meters	f	68
248	Rs. 300	t	69
249	Rs. 200	f	69
250	Rs. 270	f	69
251	Rs. 350	f	69
252	The software's features and functionalities	t	70
253	The software's performance under load	f	70
254	The internal code structure	f	70
255	Security vulnerabilities	f	70
256	(Profit/Cost Price) * 100	t	71
257	(Profit/Selling Price) * 100	f	71
258	(Selling Price/Cost Price) * 100	f	71
259	(Cost Price/Selling Price) * 100	f	71
260	200 meters	t	72
261	250 meters	f	72
262	300 meters	f	72
263	150 meters	f	72
264	To test individual units or components of a software	t	73
265	To test the entire application	f	73
266	To test performance and scalability	f	73
267	To test user interfaces	f	73
268	A test case defines input, expected output, and conditions	t	74
269	A test case is a debugging tool	f	74
270	A test case is only used in integration testing	f	74
271	A test case is only used in unit testing	f	74
272	20%	t	75
273	15%	f	75
274	10%	f	75
275	25%	f	75
276	Static testing	t	76
277	Dynamic testing	f	76
278	Functional testing	f	76
279	Performance testing	f	76
280	Testing without knowledge of the internal workings of the application	t	62
281	Testing with knowledge of the internal workings of the application	f	62
282	Testing performed by the developers	f	62
283	Unit testing	f	62
284	Basic functionality of a system	t	63
285	Performance under stress	f	63
286	End-to-end functionality	f	63
287	Detailed business logic	f	63
288	Ensure new changes do not break existing functionality	t	64
289	Identify new bugs	f	64
290	Test individual units of code	f	64
291	Test performance issues	f	64
292	(Value/Total) * 100	t	65
293	(Total/Value) * 100	f	65
294	(Value + Total) / 100	f	65
295	Value * Total	f	65
296	36 km/h	f	66
297	40 km/h	f	66
298	36 m/s	f	66
299	10 m/s	t	66
300	Rs. 600	t	67
301	Rs. 500	f	67
302	Rs. 660	f	67
303	Rs. 750	f	67
304	300 meters	t	68
305	400 meters	f	68
306	450 meters	f	68
307	350 meters	f	68
308	Rs. 300	t	69
309	Rs. 200	f	69
310	Rs. 270	f	69
311	Rs. 350	f	69
312	The software's features and functionalities	t	70
313	The software's performance under load	f	70
314	The internal code structure	f	70
315	Security vulnerabilities	f	70
316	(Profit/Cost Price) * 100	t	71
317	(Profit/Selling Price) * 100	f	71
318	(Selling Price/Cost Price) * 100	f	71
319	(Cost Price/Selling Price) * 100	f	71
320	200 meters	t	72
321	250 meters	f	72
322	300 meters	f	72
323	150 meters	f	72
324	To test individual units or components of a software	t	73
325	To test the entire application	f	73
326	To test performance and scalability	f	73
327	To test user interfaces	f	73
328	A test case defines input, expected output, and conditions	t	74
329	A test case is a debugging tool	f	74
330	A test case is only used in integration testing	f	74
331	A test case is only used in unit testing	f	74
332	20%	t	75
333	15%	f	75
334	10%	f	75
335	25%	f	75
336	Static testing	t	76
337	Dynamic testing	f	76
338	Functional testing	f	76
339	Performance testing	f	76
340	Testing without knowledge of the internal workings of the application	t	62
341	Testing with knowledge of the internal workings of the application	f	62
342	Testing performed by the developers	f	62
343	Unit testing	f	62
344	Basic functionality of a system	t	63
345	Performance under stress	f	63
346	End-to-end functionality	f	63
347	Detailed business logic	f	63
348	Ensure new changes do not break existing functionality	t	64
349	Identify new bugs	f	64
350	Test individual units of code	f	64
351	Test performance issues	f	64
352	(Value/Total) * 100	t	65
353	(Total/Value) * 100	f	65
354	(Value + Total) / 100	f	65
355	Value * Total	f	65
356	36 km/h	f	66
357	40 km/h	f	66
358	36 m/s	f	66
359	10 m/s	t	66
360	Rs. 600	t	67
361	Rs. 500	f	67
362	Rs. 660	f	67
363	Rs. 750	f	67
364	300 meters	t	68
365	400 meters	f	68
366	450 meters	f	68
367	350 meters	f	68
368	Rs. 300	t	69
369	Rs. 200	f	69
370	Rs. 270	f	69
371	Rs. 350	f	69
372	The software's features and functionalities	t	70
373	The software's performance under load	f	70
374	The internal code structure	f	70
375	Security vulnerabilities	f	70
376	(Profit/Cost Price) * 100	t	71
377	(Profit/Selling Price) * 100	f	71
378	(Selling Price/Cost Price) * 100	f	71
379	(Cost Price/Selling Price) * 100	f	71
380	200 meters	t	72
381	250 meters	f	72
382	300 meters	f	72
383	150 meters	f	72
384	To test individual units or components of a software	t	73
385	To test the entire application	f	73
386	To test performance and scalability	f	73
387	To test user interfaces	f	73
388	A test case defines input, expected output, and conditions	t	74
389	A test case is a debugging tool	f	74
390	A test case is only used in integration testing	f	74
391	A test case is only used in unit testing	f	74
392	20%	t	75
393	15%	f	75
394	10%	f	75
395	25%	f	75
396	Berlin	t	77
397	Kandy	f	77
398	Canberra	f	77
399	Jaffna	f	77
400	Mumbai	f	77
401	Cape Town	t	78
402	Kandy	f	78
403	Canberra	f	78
404	Jaffna	f	78
405	Cape Town	t	79
406	Kandy	f	79
407	Canberra	f	79
408	Jaffna	f	79
\.


--
-- Data for Name: exam_question; Type: TABLE DATA; Schema: public; Owner: exam_user
--

COPY public.exam_question (id, question_text, question_type, category, difficulty_level, image, video, audio, created_by_id) FROM stdin;
29	What is 5 + 7?	mcq	math	easy				3
30	What is the square root of 64?	mcq	math	easy				3
31	What is 9 x 9?	mcq	math	easy				3
32	What is 15 - 8?	mcq	math	easy				3
33	What is 6 x 6?	mcq	math	easy				3
34	What is the square of 5?	mcq	math	medium				3
35	What is 100 divided by 4?	mcq	math	medium				3
36	What is 12 x 12?	mcq	math	medium				3
37	What is the cube of 3?	mcq	math	medium				3
38	What is 7 x 8?	mcq	math	medium				3
39	What is 15 x 15?	mcq	math	hard				3
40	What is 19 + 26?	mcq	math	hard				3
41	What is the square root of 121?	mcq	math	hard				3
42	What is 72 divided by 8?	mcq	math	hard				3
43	What is 50% of 200?	mcq	math	hard				3
44	What is 2 + 2?	mcq	math	easy				3
45	What is the square root of 16?	mcq	math	easy				3
46	What is the capital of France?	mcq	history	medium				3
47	Who discovered gravity?	mcq	science	medium				3
48	What is H2O?	mcq	science	easy				3
49	Who was the first President of the United States?	mcq	history	hard				3
50	What is the chemical symbol for Gold?	mcq	science	medium				3
51	What is 10 x 10?	mcq	math	easy				3
52	What is the boiling point of water in Celsius?	mcq	science	medium				3
53	What is the capital of Japan?	mcq	history	medium				3
54	Which planet is known as the Red Planet?	mcq	science	medium				3
55	What part of the plant conducts photosynthesis?	mcq	science	easy				3
56	How many bones are in the human body?	mcq	science	medium				3
57	Which gas do plants absorb from the atmosphere?	mcq	science	medium				3
58	What is the center of an atom called?	mcq	science	medium				3
59	Which organ in the human body is responsible for pumping blood?	mcq	science	easy				3
60	What force keeps us grounded on Earth?	mcq	science	easy				3
61	Which is the largest planet in our solar system?	mcq	science	medium				3
62	What is black-box testing?	mcq	testing	medium				3
63	What does a smoke test verify?	mcq	testing	medium				3
64	What is the primary focus of regression testing?	mcq	testing	medium				3
65	What is the formula for calculating percentage?	mcq	quantitative aptitude	easy				3
66	If a train 120 meters long crosses a pole in 12 seconds, what is its speed?	mcq	quantitative aptitude	medium				3
67	A 15% increase in the price of an item makes its cost Rs. 690. What was the original price?	mcq	quantitative aptitude	medium				3
68	If a train travels at 60 km/h and crosses a 600-meter-long bridge in 45 seconds, what is the length of the train?	mcq	quantitative aptitude	hard				3
69	A trader sells an item at 20% profit. If the cost price of the item is Rs. 250, what is the selling price?	mcq	quantitative aptitude	easy				3
70	In functional testing, which of the following is verified?	mcq	testing	medium				3
71	In profit and loss, what is the formula to calculate profit percentage?	mcq	quantitative aptitude	easy				3
72	If a train travels at 90 km/h and crosses a 150-meter-long platform in 20 seconds, what is the length of the train?	mcq	quantitative aptitude	hard				3
73	What is the purpose of unit testing?	mcq	testing	medium				3
74	What is the role of a test case in software testing?	mcq	testing	easy				3
75	If the cost price of an item is Rs. 150 and the selling price is Rs. 180, what is the profit percentage?	mcq	quantitative aptitude	easy				3
76	In software testing, which type of testing is performed without executing the code?	mcq	testing	hard				3
77	What is the capital of germany	mcq	geography	medium				2
78	What is the capital of South Africa	mcq	geography	medium				5
79	What is the capital of South Africa	mcq	geography	medium				5
\.


--
-- Data for Name: exam_questionpaper; Type: TABLE DATA; Schema: public; Owner: exam_user
--

COPY public.exam_questionpaper (id, title, description, created_by_id) FROM stdin;
9	Math Test - Level 1	This is the first level of Math test covering capitals.	2
10	Geography Test - Level 1	This is the first level of geography test covering capitals.	5
11	Geography Test - Level 1	This is the first level of geography test covering capitals.	5
\.


--
-- Data for Name: exam_questionpaper_questions; Type: TABLE DATA; Schema: public; Owner: exam_user
--

COPY public.exam_questionpaper_questions (id, questionpaper_id, question_id) FROM stdin;
23	9	32
24	9	33
25	9	34
26	9	35
27	9	36
28	9	37
29	9	38
30	9	39
31	9	40
32	9	41
33	9	42
34	9	43
35	9	29
36	9	30
37	9	31
38	10	78
39	11	78
40	11	79
\.


--
-- Data for Name: exam_user; Type: TABLE DATA; Schema: public; Owner: exam_user
--

COPY public.exam_user (id, password, last_login, is_superuser, username, first_name, last_name, email, is_staff, is_active, date_joined, role) FROM stdin;
1	pbkdf2_sha256$600000$UjHhVgkqgJu6qtOsfbGrTy$musrPrpxmwrHMCio12uGQ9pdBUHVrbO8QAN83x5iKI8=	\N	f	newuser			newuser@example.com	f	t	2024-10-04 16:12:45.503057+05:30	student
2	pbkdf2_sha256$600000$nk47HXFphW4P4WjULSUbWU$kC0D3i2ojwOyIiOWQ69C/7Hr2IqNCUlx9KP7hY8Q90s=	\N	f	newuser1			newuser1@example.com	f	t	2024-10-04 16:14:13.888464+05:30	student
3	pbkdf2_sha256$600000$eY3FxffKltQPVqSZt0XU99$f9druIgmYvlSvMlpigRPTXZa5mPw0ZDCU1sZJ6seyG8=	2024-10-04 16:34:08.843843+05:30	t	admin			admin@admin.com	t	t	2024-10-04 16:29:59.971323+05:30	student
4	pbkdf2_sha256$600000$y6Vf66wWhJ5YtKZRKzGsPb$tB1OymeTgIfgJfFZocDsQklk9hhPPF7AHlNOzucU8X0=	\N	f	rutuja			rutuja@example.com	f	t	2024-10-07 11:34:25.442821+05:30	student
5	pbkdf2_sha256$600000$sagceO1GoWxVZuxeIaKlEh$t0Y+HmzBZ9FVl8+VPQiqFfLYx12a3GI8zvYIxrqbw3k=	\N	f	urvashi			urvashi@example.com	f	t	2024-10-07 11:36:09.250566+05:30	student
6	pbkdf2_sha256$600000$FI2YZdDoF4qrZGFczRHboA$VLte/CROR47MGJ91pz3GthPtiWYYKjyM3HRDVzZJNSk=	\N	f	kiran			kiran@example.com	f	t	2024-10-07 11:44:17.715871+05:30	student
7	pbkdf2_sha256$600000$beKgQZ7CB8QgV65HcHRv5S$9cVeHyXVLIGv0aDPCdeL6MxG/j89Org/jBm26W/Utis=	\N	f	kiran-thube			kiran61@example.com	f	t	2024-10-07 11:52:14.133087+05:30	student
8	pbkdf2_sha256$600000$uq5iLVdh5HFkIkmpatBV6d$jle5qzX8m8e3+0N9Xy8zTS8OhQDgYIY5bOzSO5N8Qn0=	\N	f	aniket			aniket@example.com	f	t	2024-10-07 11:55:54.043658+05:30	teacher
9	pbkdf2_sha256$600000$8psgEhTOq3iQIubAednJud$+tVhCw61E94fqrcD8CS+mz1QEQzUuGeYtRmy0uUXG6Q=	\N	f	Urvashi			urvashi@example.com	f	t	2024-10-07 11:56:25.001527+05:30	teacher
10	pbkdf2_sha256$600000$92RiqgQqFPWMFXVxj1PFEN$Qld/YtmNk83LLIwyGukzA7kF4HiyRvVragh3A8Q8URA=	\N	f	Tushar			tushar@example.com	f	t	2024-10-07 17:55:41.460159+05:30	student
11	pbkdf2_sha256$600000$NxsJaFORrWaW3JVDR5XtRH$5H5rs1hk7+L7X/rbaFKY91KcGftVDGDshfDi+1Oofjo=	\N	f	janhavi			janhavi@gmail.com	f	t	2024-10-07 18:01:58.613028+05:30	student
12	pbkdf2_sha256$600000$2i67vuWruPAy1aLCjdo4yz$ZnaMix9+baX6yRb/YoShnM5QQShgyZP8Y0fmM0Br/sY=	\N	f	uday			uday@gmail.com	f	t	2024-10-07 18:30:01.77459+05:30	student
\.


--
-- Data for Name: exam_user_groups; Type: TABLE DATA; Schema: public; Owner: exam_user
--

COPY public.exam_user_groups (id, user_id, group_id) FROM stdin;
\.


--
-- Data for Name: exam_user_user_permissions; Type: TABLE DATA; Schema: public; Owner: exam_user
--

COPY public.exam_user_user_permissions (id, user_id, permission_id) FROM stdin;
\.


--
-- Name: auth_group_id_seq; Type: SEQUENCE SET; Schema: public; Owner: exam_user
--

SELECT pg_catalog.setval('public.auth_group_id_seq', 1, false);


--
-- Name: auth_group_permissions_id_seq; Type: SEQUENCE SET; Schema: public; Owner: exam_user
--

SELECT pg_catalog.setval('public.auth_group_permissions_id_seq', 1, false);


--
-- Name: auth_permission_id_seq; Type: SEQUENCE SET; Schema: public; Owner: exam_user
--

SELECT pg_catalog.setval('public.auth_permission_id_seq', 48, true);


--
-- Name: django_admin_log_id_seq; Type: SEQUENCE SET; Schema: public; Owner: exam_user
--

SELECT pg_catalog.setval('public.django_admin_log_id_seq', 1, false);


--
-- Name: django_content_type_id_seq; Type: SEQUENCE SET; Schema: public; Owner: exam_user
--

SELECT pg_catalog.setval('public.django_content_type_id_seq', 12, true);


--
-- Name: django_migrations_id_seq; Type: SEQUENCE SET; Schema: public; Owner: exam_user
--

SELECT pg_catalog.setval('public.django_migrations_id_seq', 25, true);


--
-- Name: exam_answersheet_id_seq; Type: SEQUENCE SET; Schema: public; Owner: exam_user
--

SELECT pg_catalog.setval('public.exam_answersheet_id_seq', 6, true);


--
-- Name: exam_choice_id_seq; Type: SEQUENCE SET; Schema: public; Owner: exam_user
--

SELECT pg_catalog.setval('public.exam_choice_id_seq', 408, true);


--
-- Name: exam_question_id_seq; Type: SEQUENCE SET; Schema: public; Owner: exam_user
--

SELECT pg_catalog.setval('public.exam_question_id_seq', 79, true);


--
-- Name: exam_questionpaper_id_seq; Type: SEQUENCE SET; Schema: public; Owner: exam_user
--

SELECT pg_catalog.setval('public.exam_questionpaper_id_seq', 11, true);


--
-- Name: exam_questionpaper_questions_id_seq; Type: SEQUENCE SET; Schema: public; Owner: exam_user
--

SELECT pg_catalog.setval('public.exam_questionpaper_questions_id_seq', 40, true);


--
-- Name: exam_user_groups_id_seq; Type: SEQUENCE SET; Schema: public; Owner: exam_user
--

SELECT pg_catalog.setval('public.exam_user_groups_id_seq', 1, false);


--
-- Name: exam_user_id_seq; Type: SEQUENCE SET; Schema: public; Owner: exam_user
--

SELECT pg_catalog.setval('public.exam_user_id_seq', 12, true);


--
-- Name: exam_user_user_permissions_id_seq; Type: SEQUENCE SET; Schema: public; Owner: exam_user
--

SELECT pg_catalog.setval('public.exam_user_user_permissions_id_seq', 1, false);


--
-- Name: auth_group auth_group_name_key; Type: CONSTRAINT; Schema: public; Owner: exam_user
--

ALTER TABLE ONLY public.auth_group
    ADD CONSTRAINT auth_group_name_key UNIQUE (name);


--
-- Name: auth_group_permissions auth_group_permissions_group_id_permission_id_0cd325b0_uniq; Type: CONSTRAINT; Schema: public; Owner: exam_user
--

ALTER TABLE ONLY public.auth_group_permissions
    ADD CONSTRAINT auth_group_permissions_group_id_permission_id_0cd325b0_uniq UNIQUE (group_id, permission_id);


--
-- Name: auth_group_permissions auth_group_permissions_pkey; Type: CONSTRAINT; Schema: public; Owner: exam_user
--

ALTER TABLE ONLY public.auth_group_permissions
    ADD CONSTRAINT auth_group_permissions_pkey PRIMARY KEY (id);


--
-- Name: auth_group auth_group_pkey; Type: CONSTRAINT; Schema: public; Owner: exam_user
--

ALTER TABLE ONLY public.auth_group
    ADD CONSTRAINT auth_group_pkey PRIMARY KEY (id);


--
-- Name: auth_permission auth_permission_content_type_id_codename_01ab375a_uniq; Type: CONSTRAINT; Schema: public; Owner: exam_user
--

ALTER TABLE ONLY public.auth_permission
    ADD CONSTRAINT auth_permission_content_type_id_codename_01ab375a_uniq UNIQUE (content_type_id, codename);


--
-- Name: auth_permission auth_permission_pkey; Type: CONSTRAINT; Schema: public; Owner: exam_user
--

ALTER TABLE ONLY public.auth_permission
    ADD CONSTRAINT auth_permission_pkey PRIMARY KEY (id);


--
-- Name: authtoken_token authtoken_token_pkey; Type: CONSTRAINT; Schema: public; Owner: exam_user
--

ALTER TABLE ONLY public.authtoken_token
    ADD CONSTRAINT authtoken_token_pkey PRIMARY KEY (key);


--
-- Name: authtoken_token authtoken_token_user_id_key; Type: CONSTRAINT; Schema: public; Owner: exam_user
--

ALTER TABLE ONLY public.authtoken_token
    ADD CONSTRAINT authtoken_token_user_id_key UNIQUE (user_id);


--
-- Name: django_admin_log django_admin_log_pkey; Type: CONSTRAINT; Schema: public; Owner: exam_user
--

ALTER TABLE ONLY public.django_admin_log
    ADD CONSTRAINT django_admin_log_pkey PRIMARY KEY (id);


--
-- Name: django_content_type django_content_type_app_label_model_76bd3d3b_uniq; Type: CONSTRAINT; Schema: public; Owner: exam_user
--

ALTER TABLE ONLY public.django_content_type
    ADD CONSTRAINT django_content_type_app_label_model_76bd3d3b_uniq UNIQUE (app_label, model);


--
-- Name: django_content_type django_content_type_pkey; Type: CONSTRAINT; Schema: public; Owner: exam_user
--

ALTER TABLE ONLY public.django_content_type
    ADD CONSTRAINT django_content_type_pkey PRIMARY KEY (id);


--
-- Name: django_migrations django_migrations_pkey; Type: CONSTRAINT; Schema: public; Owner: exam_user
--

ALTER TABLE ONLY public.django_migrations
    ADD CONSTRAINT django_migrations_pkey PRIMARY KEY (id);


--
-- Name: django_session django_session_pkey; Type: CONSTRAINT; Schema: public; Owner: exam_user
--

ALTER TABLE ONLY public.django_session
    ADD CONSTRAINT django_session_pkey PRIMARY KEY (session_key);


--
-- Name: exam_answersheet exam_answersheet_pkey; Type: CONSTRAINT; Schema: public; Owner: exam_user
--

ALTER TABLE ONLY public.exam_answersheet
    ADD CONSTRAINT exam_answersheet_pkey PRIMARY KEY (id);


--
-- Name: exam_choice exam_choice_pkey; Type: CONSTRAINT; Schema: public; Owner: exam_user
--

ALTER TABLE ONLY public.exam_choice
    ADD CONSTRAINT exam_choice_pkey PRIMARY KEY (id);


--
-- Name: exam_question exam_question_pkey; Type: CONSTRAINT; Schema: public; Owner: exam_user
--

ALTER TABLE ONLY public.exam_question
    ADD CONSTRAINT exam_question_pkey PRIMARY KEY (id);


--
-- Name: exam_questionpaper exam_questionpaper_pkey; Type: CONSTRAINT; Schema: public; Owner: exam_user
--

ALTER TABLE ONLY public.exam_questionpaper
    ADD CONSTRAINT exam_questionpaper_pkey PRIMARY KEY (id);


--
-- Name: exam_questionpaper_questions exam_questionpaper_quest_questionpaper_id_questio_4c6ec4c7_uniq; Type: CONSTRAINT; Schema: public; Owner: exam_user
--

ALTER TABLE ONLY public.exam_questionpaper_questions
    ADD CONSTRAINT exam_questionpaper_quest_questionpaper_id_questio_4c6ec4c7_uniq UNIQUE (questionpaper_id, question_id);


--
-- Name: exam_questionpaper_questions exam_questionpaper_questions_pkey; Type: CONSTRAINT; Schema: public; Owner: exam_user
--

ALTER TABLE ONLY public.exam_questionpaper_questions
    ADD CONSTRAINT exam_questionpaper_questions_pkey PRIMARY KEY (id);


--
-- Name: exam_user_groups exam_user_groups_pkey; Type: CONSTRAINT; Schema: public; Owner: exam_user
--

ALTER TABLE ONLY public.exam_user_groups
    ADD CONSTRAINT exam_user_groups_pkey PRIMARY KEY (id);


--
-- Name: exam_user_groups exam_user_groups_user_id_group_id_81177151_uniq; Type: CONSTRAINT; Schema: public; Owner: exam_user
--

ALTER TABLE ONLY public.exam_user_groups
    ADD CONSTRAINT exam_user_groups_user_id_group_id_81177151_uniq UNIQUE (user_id, group_id);


--
-- Name: exam_user exam_user_pkey; Type: CONSTRAINT; Schema: public; Owner: exam_user
--

ALTER TABLE ONLY public.exam_user
    ADD CONSTRAINT exam_user_pkey PRIMARY KEY (id);


--
-- Name: exam_user_user_permissions exam_user_user_permissions_pkey; Type: CONSTRAINT; Schema: public; Owner: exam_user
--

ALTER TABLE ONLY public.exam_user_user_permissions
    ADD CONSTRAINT exam_user_user_permissions_pkey PRIMARY KEY (id);


--
-- Name: exam_user_user_permissions exam_user_user_permissions_user_id_permission_id_017d5ed4_uniq; Type: CONSTRAINT; Schema: public; Owner: exam_user
--

ALTER TABLE ONLY public.exam_user_user_permissions
    ADD CONSTRAINT exam_user_user_permissions_user_id_permission_id_017d5ed4_uniq UNIQUE (user_id, permission_id);


--
-- Name: exam_user exam_user_username_key; Type: CONSTRAINT; Schema: public; Owner: exam_user
--

ALTER TABLE ONLY public.exam_user
    ADD CONSTRAINT exam_user_username_key UNIQUE (username);


--
-- Name: auth_group_name_a6ea08ec_like; Type: INDEX; Schema: public; Owner: exam_user
--

CREATE INDEX auth_group_name_a6ea08ec_like ON public.auth_group USING btree (name varchar_pattern_ops);


--
-- Name: auth_group_permissions_group_id_b120cbf9; Type: INDEX; Schema: public; Owner: exam_user
--

CREATE INDEX auth_group_permissions_group_id_b120cbf9 ON public.auth_group_permissions USING btree (group_id);


--
-- Name: auth_group_permissions_permission_id_84c5c92e; Type: INDEX; Schema: public; Owner: exam_user
--

CREATE INDEX auth_group_permissions_permission_id_84c5c92e ON public.auth_group_permissions USING btree (permission_id);


--
-- Name: auth_permission_content_type_id_2f476e4b; Type: INDEX; Schema: public; Owner: exam_user
--

CREATE INDEX auth_permission_content_type_id_2f476e4b ON public.auth_permission USING btree (content_type_id);


--
-- Name: authtoken_token_key_10f0b77e_like; Type: INDEX; Schema: public; Owner: exam_user
--

CREATE INDEX authtoken_token_key_10f0b77e_like ON public.authtoken_token USING btree (key varchar_pattern_ops);


--
-- Name: django_admin_log_content_type_id_c4bce8eb; Type: INDEX; Schema: public; Owner: exam_user
--

CREATE INDEX django_admin_log_content_type_id_c4bce8eb ON public.django_admin_log USING btree (content_type_id);


--
-- Name: django_admin_log_user_id_c564eba6; Type: INDEX; Schema: public; Owner: exam_user
--

CREATE INDEX django_admin_log_user_id_c564eba6 ON public.django_admin_log USING btree (user_id);


--
-- Name: django_session_expire_date_a5c62663; Type: INDEX; Schema: public; Owner: exam_user
--

CREATE INDEX django_session_expire_date_a5c62663 ON public.django_session USING btree (expire_date);


--
-- Name: django_session_session_key_c0390e0f_like; Type: INDEX; Schema: public; Owner: exam_user
--

CREATE INDEX django_session_session_key_c0390e0f_like ON public.django_session USING btree (session_key varchar_pattern_ops);


--
-- Name: exam_answersheet_question_id_da5a7a03; Type: INDEX; Schema: public; Owner: exam_user
--

CREATE INDEX exam_answersheet_question_id_da5a7a03 ON public.exam_answersheet USING btree (question_id);


--
-- Name: exam_answersheet_question_paper_id_c9d5721f; Type: INDEX; Schema: public; Owner: exam_user
--

CREATE INDEX exam_answersheet_question_paper_id_c9d5721f ON public.exam_answersheet USING btree (question_paper_id);


--
-- Name: exam_answersheet_selected_choice_id_5121be0c; Type: INDEX; Schema: public; Owner: exam_user
--

CREATE INDEX exam_answersheet_selected_choice_id_5121be0c ON public.exam_answersheet USING btree (selected_choice_id);


--
-- Name: exam_answersheet_user_id_86dda004; Type: INDEX; Schema: public; Owner: exam_user
--

CREATE INDEX exam_answersheet_user_id_86dda004 ON public.exam_answersheet USING btree (user_id);


--
-- Name: exam_choice_question_id_e2ece949; Type: INDEX; Schema: public; Owner: exam_user
--

CREATE INDEX exam_choice_question_id_e2ece949 ON public.exam_choice USING btree (question_id);


--
-- Name: exam_question_created_by_id_736ceb58; Type: INDEX; Schema: public; Owner: exam_user
--

CREATE INDEX exam_question_created_by_id_736ceb58 ON public.exam_question USING btree (created_by_id);


--
-- Name: exam_questionpaper_created_by_id_800329aa; Type: INDEX; Schema: public; Owner: exam_user
--

CREATE INDEX exam_questionpaper_created_by_id_800329aa ON public.exam_questionpaper USING btree (created_by_id);


--
-- Name: exam_questionpaper_questions_question_id_ac8433e9; Type: INDEX; Schema: public; Owner: exam_user
--

CREATE INDEX exam_questionpaper_questions_question_id_ac8433e9 ON public.exam_questionpaper_questions USING btree (question_id);


--
-- Name: exam_questionpaper_questions_questionpaper_id_6478e686; Type: INDEX; Schema: public; Owner: exam_user
--

CREATE INDEX exam_questionpaper_questions_questionpaper_id_6478e686 ON public.exam_questionpaper_questions USING btree (questionpaper_id);


--
-- Name: exam_user_groups_group_id_5eaeef53; Type: INDEX; Schema: public; Owner: exam_user
--

CREATE INDEX exam_user_groups_group_id_5eaeef53 ON public.exam_user_groups USING btree (group_id);


--
-- Name: exam_user_groups_user_id_f289419e; Type: INDEX; Schema: public; Owner: exam_user
--

CREATE INDEX exam_user_groups_user_id_f289419e ON public.exam_user_groups USING btree (user_id);


--
-- Name: exam_user_user_permissions_permission_id_f55434a6; Type: INDEX; Schema: public; Owner: exam_user
--

CREATE INDEX exam_user_user_permissions_permission_id_f55434a6 ON public.exam_user_user_permissions USING btree (permission_id);


--
-- Name: exam_user_user_permissions_user_id_c59b2392; Type: INDEX; Schema: public; Owner: exam_user
--

CREATE INDEX exam_user_user_permissions_user_id_c59b2392 ON public.exam_user_user_permissions USING btree (user_id);


--
-- Name: exam_user_username_b39bcb84_like; Type: INDEX; Schema: public; Owner: exam_user
--

CREATE INDEX exam_user_username_b39bcb84_like ON public.exam_user USING btree (username varchar_pattern_ops);


--
-- Name: auth_group_permissions auth_group_permissio_permission_id_84c5c92e_fk_auth_perm; Type: FK CONSTRAINT; Schema: public; Owner: exam_user
--

ALTER TABLE ONLY public.auth_group_permissions
    ADD CONSTRAINT auth_group_permissio_permission_id_84c5c92e_fk_auth_perm FOREIGN KEY (permission_id) REFERENCES public.auth_permission(id) DEFERRABLE INITIALLY DEFERRED;


--
-- Name: auth_group_permissions auth_group_permissions_group_id_b120cbf9_fk_auth_group_id; Type: FK CONSTRAINT; Schema: public; Owner: exam_user
--

ALTER TABLE ONLY public.auth_group_permissions
    ADD CONSTRAINT auth_group_permissions_group_id_b120cbf9_fk_auth_group_id FOREIGN KEY (group_id) REFERENCES public.auth_group(id) DEFERRABLE INITIALLY DEFERRED;


--
-- Name: auth_permission auth_permission_content_type_id_2f476e4b_fk_django_co; Type: FK CONSTRAINT; Schema: public; Owner: exam_user
--

ALTER TABLE ONLY public.auth_permission
    ADD CONSTRAINT auth_permission_content_type_id_2f476e4b_fk_django_co FOREIGN KEY (content_type_id) REFERENCES public.django_content_type(id) DEFERRABLE INITIALLY DEFERRED;


--
-- Name: authtoken_token authtoken_token_user_id_35299eff_fk_exam_user_id; Type: FK CONSTRAINT; Schema: public; Owner: exam_user
--

ALTER TABLE ONLY public.authtoken_token
    ADD CONSTRAINT authtoken_token_user_id_35299eff_fk_exam_user_id FOREIGN KEY (user_id) REFERENCES public.exam_user(id) DEFERRABLE INITIALLY DEFERRED;


--
-- Name: django_admin_log django_admin_log_content_type_id_c4bce8eb_fk_django_co; Type: FK CONSTRAINT; Schema: public; Owner: exam_user
--

ALTER TABLE ONLY public.django_admin_log
    ADD CONSTRAINT django_admin_log_content_type_id_c4bce8eb_fk_django_co FOREIGN KEY (content_type_id) REFERENCES public.django_content_type(id) DEFERRABLE INITIALLY DEFERRED;


--
-- Name: django_admin_log django_admin_log_user_id_c564eba6_fk_exam_user_id; Type: FK CONSTRAINT; Schema: public; Owner: exam_user
--

ALTER TABLE ONLY public.django_admin_log
    ADD CONSTRAINT django_admin_log_user_id_c564eba6_fk_exam_user_id FOREIGN KEY (user_id) REFERENCES public.exam_user(id) DEFERRABLE INITIALLY DEFERRED;


--
-- Name: exam_answersheet exam_answersheet_question_id_da5a7a03_fk_exam_question_id; Type: FK CONSTRAINT; Schema: public; Owner: exam_user
--

ALTER TABLE ONLY public.exam_answersheet
    ADD CONSTRAINT exam_answersheet_question_id_da5a7a03_fk_exam_question_id FOREIGN KEY (question_id) REFERENCES public.exam_question(id) DEFERRABLE INITIALLY DEFERRED;


--
-- Name: exam_answersheet exam_answersheet_question_paper_id_c9d5721f_fk_exam_ques; Type: FK CONSTRAINT; Schema: public; Owner: exam_user
--

ALTER TABLE ONLY public.exam_answersheet
    ADD CONSTRAINT exam_answersheet_question_paper_id_c9d5721f_fk_exam_ques FOREIGN KEY (question_paper_id) REFERENCES public.exam_questionpaper(id) DEFERRABLE INITIALLY DEFERRED;


--
-- Name: exam_answersheet exam_answersheet_selected_choice_id_5121be0c_fk_exam_choice_id; Type: FK CONSTRAINT; Schema: public; Owner: exam_user
--

ALTER TABLE ONLY public.exam_answersheet
    ADD CONSTRAINT exam_answersheet_selected_choice_id_5121be0c_fk_exam_choice_id FOREIGN KEY (selected_choice_id) REFERENCES public.exam_choice(id) DEFERRABLE INITIALLY DEFERRED;


--
-- Name: exam_answersheet exam_answersheet_user_id_86dda004_fk_exam_user_id; Type: FK CONSTRAINT; Schema: public; Owner: exam_user
--

ALTER TABLE ONLY public.exam_answersheet
    ADD CONSTRAINT exam_answersheet_user_id_86dda004_fk_exam_user_id FOREIGN KEY (user_id) REFERENCES public.exam_user(id) DEFERRABLE INITIALLY DEFERRED;


--
-- Name: exam_choice exam_choice_question_id_e2ece949_fk_exam_question_id; Type: FK CONSTRAINT; Schema: public; Owner: exam_user
--

ALTER TABLE ONLY public.exam_choice
    ADD CONSTRAINT exam_choice_question_id_e2ece949_fk_exam_question_id FOREIGN KEY (question_id) REFERENCES public.exam_question(id) DEFERRABLE INITIALLY DEFERRED;


--
-- Name: exam_question exam_question_created_by_id_736ceb58_fk_exam_user_id; Type: FK CONSTRAINT; Schema: public; Owner: exam_user
--

ALTER TABLE ONLY public.exam_question
    ADD CONSTRAINT exam_question_created_by_id_736ceb58_fk_exam_user_id FOREIGN KEY (created_by_id) REFERENCES public.exam_user(id) DEFERRABLE INITIALLY DEFERRED;


--
-- Name: exam_questionpaper exam_questionpaper_created_by_id_800329aa_fk_exam_user_id; Type: FK CONSTRAINT; Schema: public; Owner: exam_user
--

ALTER TABLE ONLY public.exam_questionpaper
    ADD CONSTRAINT exam_questionpaper_created_by_id_800329aa_fk_exam_user_id FOREIGN KEY (created_by_id) REFERENCES public.exam_user(id) DEFERRABLE INITIALLY DEFERRED;


--
-- Name: exam_questionpaper_questions exam_questionpaper_q_question_id_ac8433e9_fk_exam_ques; Type: FK CONSTRAINT; Schema: public; Owner: exam_user
--

ALTER TABLE ONLY public.exam_questionpaper_questions
    ADD CONSTRAINT exam_questionpaper_q_question_id_ac8433e9_fk_exam_ques FOREIGN KEY (question_id) REFERENCES public.exam_question(id) DEFERRABLE INITIALLY DEFERRED;


--
-- Name: exam_questionpaper_questions exam_questionpaper_q_questionpaper_id_6478e686_fk_exam_ques; Type: FK CONSTRAINT; Schema: public; Owner: exam_user
--

ALTER TABLE ONLY public.exam_questionpaper_questions
    ADD CONSTRAINT exam_questionpaper_q_questionpaper_id_6478e686_fk_exam_ques FOREIGN KEY (questionpaper_id) REFERENCES public.exam_questionpaper(id) DEFERRABLE INITIALLY DEFERRED;


--
-- Name: exam_user_groups exam_user_groups_group_id_5eaeef53_fk_auth_group_id; Type: FK CONSTRAINT; Schema: public; Owner: exam_user
--

ALTER TABLE ONLY public.exam_user_groups
    ADD CONSTRAINT exam_user_groups_group_id_5eaeef53_fk_auth_group_id FOREIGN KEY (group_id) REFERENCES public.auth_group(id) DEFERRABLE INITIALLY DEFERRED;


--
-- Name: exam_user_groups exam_user_groups_user_id_f289419e_fk_exam_user_id; Type: FK CONSTRAINT; Schema: public; Owner: exam_user
--

ALTER TABLE ONLY public.exam_user_groups
    ADD CONSTRAINT exam_user_groups_user_id_f289419e_fk_exam_user_id FOREIGN KEY (user_id) REFERENCES public.exam_user(id) DEFERRABLE INITIALLY DEFERRED;


--
-- Name: exam_user_user_permissions exam_user_user_permi_permission_id_f55434a6_fk_auth_perm; Type: FK CONSTRAINT; Schema: public; Owner: exam_user
--

ALTER TABLE ONLY public.exam_user_user_permissions
    ADD CONSTRAINT exam_user_user_permi_permission_id_f55434a6_fk_auth_perm FOREIGN KEY (permission_id) REFERENCES public.auth_permission(id) DEFERRABLE INITIALLY DEFERRED;


--
-- Name: exam_user_user_permissions exam_user_user_permissions_user_id_c59b2392_fk_exam_user_id; Type: FK CONSTRAINT; Schema: public; Owner: exam_user
--

ALTER TABLE ONLY public.exam_user_user_permissions
    ADD CONSTRAINT exam_user_user_permissions_user_id_c59b2392_fk_exam_user_id FOREIGN KEY (user_id) REFERENCES public.exam_user(id) DEFERRABLE INITIALLY DEFERRED;


--
-- PostgreSQL database dump complete
--

